url_path,views_total,views_unique
/timmalich/edukiz,13,8
/timmalich/edukiz/blob/ee7ae2c718fdc6c0e58a77a0efa4b29cf21052c2/tests/unit/memory/MemoryGame.spec.js,1,1
/timmalich/edukiz/blob/main/original_svg_images_which_are_to_huge/cat1.svg,1,1
/timmalich/edukiz/blob/main/public/index.html,1,1
/timmalich/edukiz/blob/main/src/main.js,1,1
/timmalich/edukiz/find/main,1,1
/timmalich/edukiz/tree/main/original_svg_images_which_are_to_huge,1,1
/timmalich/edukiz/tree/main/public,1,1
/timmalich/edukiz/tree/main/scripts,1,1
/timmalich/edukiz/tree/main/src,1,1
